{
	"dungeons": [
		{
			"id": 0,
			"x-dim": 12,
			"y-dim": 24,
			"start-x": 1,
			"start-y": 1,
			"end-x": 10,
			"end-y": 22,
			"bound": 10,
			"monsters": [
				{
					"name": "monster",
					"sprite": "./monster.png",
					"hitpoints": 50,
					"chance": 5,
					"attacks": [
						"cs 3110"
					]
				},
				{
					"name": "goblin_1",
					"sprite": "./goblin_1.png",
					"hitpoints": 50,
					"chance": 5,
					"attacks": [
						"cs 3110"
					]
				}
			],
			"prev": 3,
			"next": 3
		},
		{
			"id": 3,
			"x-dim": 24,
			"y-dim": 12,
			"start-x": 1,
			"start-y": 1,
			"end-x": 22,
			"end-y": 10,
			"bound": 10,
			"monsters": [
				{
					"name": "monster",
					"sprite": "./monster.png",
					"hitpoints": 50,
					"chance": 5,
					"attacks": [
						"mega defense"
					]
				}
			],
			"prev": 0,
			"next": 0
		}
	]
}